domain,creation_date,expiration_date,lock_state,privacy,status,hosting_plan
10k.net,2019-10-22,2025-09-01,1,1,active,Basic
3dgraphic.com,2001-08-14,2025-08-20,1,1,active,Basic
3dimage.com,2001-09-04,2026-02-24,1,1,active,Basic
3dimage.net,2001-09-04,2026-03-04,1,1,active,Basic
5kw.com,2005-10-20,2026-05-22,1,1,active,Basic
5kw.org,2019-10-22,2026-02-01,1,1,active,Basic
adventureweb.net,2002-06-23,2025-06-08,1,1,active,Basic
aerialimagery.com,2001-09-04,2026-03-10,1,1,active,Basic
aerialphotography.net,2001-09-04,2026-03-10,1,1,active,Basic
alqaida.net,2002-10-30,2025-10-30,1,1,active,Basic
andriodapps.com,2011-01-05,2026-01-30,1,1,active,Basic
androids.net,2001-09-04,2026-05-11,1,1,active,Basic
animatronic.net,2002-01-31,2026-02-16,1,1,active,Basic
armyrugby.com,2024-08-03,2025-11-08,1,1,active,Basic
arthritisweb.com,2011-01-05,2025-07-08,1,1,active,Basic
audioevents.com,2011-01-05,2026-01-21,1,1,active,Basic
audiogear.net,2001-09-04,2026-03-13,1,1,active,Basic
band-width.net,2001-08-14,2025-08-15,1,1,active,Basic
band-width.org,2001-09-04,2026-04-07,1,1,active,Basic
base-ball.org,2001-08-14,2025-09-25,1,1,active,Basic
beerbong.net,2002-12-06,2025-12-06,1,1,active,Basic
beerbong.us,2002-05-20,2026-05-19,1,0,active,Basic
beerbongs.net,2002-12-06,2025-12-06,1,1,active,Basic
beerbongs.us,2002-05-20,2026-05-19,1,0,active,Basic
betasolutions.com,2001-11-25,2026-01-11,1,1,active,Basic
bicyclequest.com,2007-01-15,2026-04-12,1,1,active,Basic
biochips.net,2001-11-25,2025-11-30,1,1,active,Basic
biological-computers.com,2001-09-04,2026-04-22,1,1,active,Basic
biologicalcomputer.net,2003-02-06,2026-02-06,1,1,active,Basic
biologicalcomputers.com,2001-08-14,2025-09-19,1,1,active,Basic
biologicalcomputing.net,2001-09-04,2026-04-22,1,1,active,Basic
biologicalcomputing.org,2001-09-04,2026-04-22,1,1,active,Basic
biomasshydrogen.com,2009-11-14,2026-03-08,1,1,active,Basic
biooptics.com,2009-01-10,2026-03-28,1,1,active,Basic
biotec.net,2001-08-14,2025-10-16,1,1,active,Basic
bloggernaut.com,2006-02-13,2025-09-29,1,1,active,Basic
broad-band.org,2001-09-04,2026-04-07,1,1,active,Basic
buildingdoc.com,2011-08-24,2025-07-02,1,1,active,Basic
buildingdocs.com,2005-10-20,2025-07-07,1,1,active,Basic
buynotes.com,2006-02-13,2025-09-07,1,1,active,Basic
cable-net.net,2001-08-14,2025-11-12,1,1,active,Basic
cableaccess.com,2001-09-04,2025-07-11,1,1,active,Basic
cablebroadband.net,2001-09-04,2026-02-13,1,1,active,Basic
cableweb.net,2001-09-04,2026-03-25,1,1,active,Basic
callquest.com,2005-10-20,2025-08-08,1,1,active,Basic
carbonnanotech.com,2009-01-10,2025-08-10,1,1,active,Basic
carlos.biz,2004-05-08,2026-01-22,1,1,active,Basic
carputers.com,2001-09-04,2026-05-25,1,1,active,Basic
cellulartelephony.com,2001-09-04,2026-03-22,1,1,active,Basic
charlottesweb.net,2001-11-25,2025-12-14,1,1,active,Basic
chefcity.com,2006-02-13,2025-08-01,1,1,active,Basic
choicenames.com,2001-11-21,2026-01-10,1,1,active,Basic
choicenames.net,2009-11-14,2026-04-13,1,1,active,Basic
choicenames.us,2002-05-20,2026-05-19,1,0,active,Basic
chronomics.net,2003-08-11,2025-08-11,1,1,active,Basic
classreunion.net,2001-11-25,2026-01-26,1,1,active,Basic
clicktronics.com,2005-10-20,2025-06-29,1,1,active,Basic
compuphone.com,2001-09-04,2026-03-10,1,1,active,Basic
compuporn.com,2005-05-11,2026-03-30,1,1,active,Basic
computeranimation.net,2001-09-06,2025-08-01,1,1,active,Basic
cookiequest.com,2007-01-15,2026-03-20,1,1,active,Basic
cradlecam.com,2001-09-04,2026-05-18,1,1,active,Basic
craftsmatic.com,2005-10-20,2026-05-04,1,1,active,Basic
cryptology.net,2001-09-04,2026-05-19,1,1,active,Basic
crystology.com,2005-05-09,2026-03-31,1,1,active,Basic
culturedpearls.info,2005-01-09,2026-04-10,1,1,active,Basic
cyber-cast.com,2003-02-06,2026-02-06,1,1,active,Basic
cyber-space.net,2001-09-04,2026-03-26,1,1,active,Basic
cyberamerican.com,2001-11-25,2026-01-20,1,1,active,Basic
cyberappliance.net,2001-09-04,2026-02-17,1,1,active,Basic
cyberary.net,2001-09-04,2026-03-25,1,1,active,Basic
cyberbet.net,2001-08-14,2025-09-23,1,1,active,Basic
cyberblaze.com,2005-10-20,2026-05-11,1,1,active,Basic
cyberbuys.net,2001-09-04,2026-03-04,1,1,active,Basic
cybercall.net,2001-09-04,2026-03-10,1,1,active,Basic
cyberchair.net,2001-09-04,2026-04-08,1,1,active,Basic
cyberchondria.net,2004-02-15,2026-02-15,1,1,active,Basic
cyberclassic.com,2016-07-02,2026-01-10,1,1,active,Basic
cybercondria.com,2005-10-20,2026-05-06,1,1,active,Basic
cyberdynamics.com,2001-09-07,2025-08-08,1,1,active,Basic
cyberetech.com,2006-02-13,2025-12-24,1,1,active,Basic
cyberfare.com,2009-11-13,2026-05-06,1,1,active,Basic
cyberfreak.com,2009-11-13,2025-07-21,1,1,active,Basic
cyberfucker.com,2006-02-13,2025-11-21,1,1,active,Basic
cybergistic.com,2006-02-13,2025-10-10,1,1,active,Basic
cybergrocer.com,2001-11-25,2026-01-20,1,1,active,Basic
cybergroceries.net,2001-09-04,2026-04-04,1,1,active,Basic
cyberics.com,2005-10-20,2025-06-23,1,1,active,Basic
cyberistics.com,2006-02-13,2025-09-12,1,1,active,Basic
cyberlectric.com,2001-09-04,2026-05-18,1,1,active,Basic
cyberlectric.net,2001-11-25,2025-12-11,1,1,active,Basic
cybermama.com,2011-08-24,2025-07-04,1,1,active,Basic
cybermatic.net,2001-11-25,2026-01-27,1,1,active,Basic
cyberology.net,2001-09-04,2026-05-18,1,1,active,Basic
cyberorders.net,2001-09-04,2026-04-04,1,1,active,Basic
cyberpad.net,2001-11-25,2025-12-18,1,1,active,Basic
cybersavers.net,2001-11-25,2026-01-14,1,1,active,Basic
cyberserk.com,2001-08-14,2025-11-12,1,1,active,Basic
cyberspace1.com,2001-09-04,2026-04-02,1,1,active,Basic
cybervacations.com,2001-11-25,2026-01-21,1,1,active,Basic
cybervoodoo.com,2001-09-04,2026-02-09,1,1,active,Basic
cybervoyeur.com,2009-11-13,2026-05-15,1,1,active,Basic
cyberz.com,2009-11-13,2026-04-04,1,1,active,Basic
data-cast.com,2001-09-04,2026-02-04,1,1,active,Basic
databot.net,2001-08-14,2025-09-25,1,1,active,Basic
dataencryption.net,2001-08-14,2025-09-19,1,1,active,Basic
dayquest.com,2006-02-13,2025-10-08,1,1,active,Basic
daytonasuperbird.com,2006-02-13,2025-08-29,1,1,active,Basic
dentalstemcells.com,2007-01-15,2026-03-13,1,1,active,Basic
dentilab.com,2011-01-05,2026-05-02,1,1,active,Basic
designtogo.com,2006-02-13,2025-08-12,1,1,active,Basic
digital-technology.net,2002-12-01,2025-12-01,1,1,active,Basic
digital-technology.org,2001-11-25,2025-12-11,1,1,active,Basic
digitalaudioradio.com,2001-11-25,2026-01-07,1,1,active,Basic
digitalaudioradio.net,2001-11-25,2026-01-07,1,1,active,Basic
digitalbusiness.org,2001-11-25,2025-12-02,1,1,active,Basic
digitalcable.net,2001-09-04,2026-05-10,1,1,active,Basic
digitalcellular.net,2001-09-04,2026-04-08,1,1,active,Basic
digitalcraft.com,2001-09-04,2026-05-10,1,1,active,Basic
digitalcraft.net,2001-11-25,2026-01-03,1,1,active,Basic
digitaleffects.net,2001-08-14,2025-10-16,1,1,active,Basic
digitaljam.net,2001-11-25,2025-12-25,1,1,active,Basic
digitalphones.org,2023-07-30,2025-11-04,1,1,active,Basic
digitalpower.net,2001-09-04,2026-03-25,1,1,active,Basic
digitalpowerline.com,2001-09-04,2026-03-24,1,1,active,Basic
digitalprojectors.net,2001-08-14,2025-08-27,1,1,active,Basic
digitalreader.net,2002-06-11,2025-06-11,1,1,active,Basic
digitalsecurity.net,2001-09-04,2026-04-17,1,1,active,Basic
digitaltech.org,2001-09-04,2026-05-20,1,1,active,Basic
digitaltechnology.biz,2006-02-07,2026-02-06,1,1,active,Basic
digitaltechnology.com,2001-09-04,2026-03-09,1,1,active,Basic
digitaltechnology.net,2001-09-04,2026-05-19,1,1,active,Basic
digitaltechnology.org,2001-08-13,2025-09-21,1,1,active,Basic
digitaltelephone.net,2001-09-04,2026-03-04,1,1,active,Basic
digitaltelephones.net,2001-09-04,2026-03-04,1,1,active,Basic
digitaltelevisions.com,2001-09-04,2026-04-17,1,1,active,Basic
digitaltelevisions.net,2001-11-25,2025-12-25,1,1,active,Basic
digitaltrade.net,2001-11-25,2025-12-05,1,1,active,Basic
digitaltrades.com,2001-11-25,2026-01-21,1,1,active,Basic
digitaltvs.net,2001-09-04,2026-03-28,1,1,active,Basic
digitalvideos.org,2005-01-09,2026-05-10,1,1,active,Basic
disintermediation.net,2004-02-15,2026-02-15,1,1,active,Basic
dogquest.com,2006-02-13,2025-08-08,1,1,active,Basic
dropquest.com,2009-11-13,2025-09-10,1,1,active,Basic
dtvs.com,2001-09-04,2026-03-24,1,1,active,Basic
dvdtv.net,2001-11-25,2026-01-17,1,1,active,Basic
e-tail.net,2003-10-25,2025-10-25,1,1,active,Basic
earthseek.com,2005-10-20,2025-07-29,1,1,active,Basic
eateries.net,2024-08-03,2025-10-15,1,1,active,Basic
ebots.net,2001-11-25,2026-01-02,1,1,active,Basic
ecliner.com,2003-02-06,2026-02-06,1,1,active,Basic
ecologicaldesign.com,2007-01-15,2026-04-02,1,1,active,Basic
econnections.net,2001-08-14,2025-09-19,1,1,active,Basic
ehead.net,2001-08-14,2025-11-16,1,1,active,Basic
ejam.net,2001-09-04,2026-03-25,1,1,active,Basic
electroholographics.com,2002-01-31,2026-02-16,1,1,active,Basic
electrolic.com,2009-01-10,2026-01-26,1,1,active,Basic
electronicfiling.net,2001-09-04,2026-03-25,1,1,active,Basic
enterprisemanagement.net,2002-06-23,2025-06-03,1,1,active,Basic
enterprisestorage.net,2001-09-04,2026-02-17,1,1,active,Basic
epills.net,2002-05-27,2026-05-24,1,1,active,Basic
equityquest.com,2007-01-15,2026-03-19,1,1,active,Basic
etail.net,2001-09-04,2026-03-24,1,1,active,Basic
etravel.net,2001-08-14,2025-09-28,1,1,active,Basic
eurocrats.com,2005-10-20,2025-07-27,1,1,active,Basic
eurodigital.com,2001-09-04,2026-04-17,1,1,active,Basic
eurowireless.com,2001-09-04,2026-03-21,1,1,active,Basic
evacations.net,2001-11-25,2026-01-11,1,1,active,Basic
every-where.com,2001-09-04,2026-04-04,1,1,active,Basic
exquest.com,2009-01-10,2025-12-07,1,1,active,Basic
eyed.net,2001-09-04,2026-05-25,1,1,active,Basic
eyescan.net,2001-09-04,2026-05-18,1,1,active,Basic
ezfuelcell.com,2006-02-13,2025-09-17,1,1,active,Basic
ezfuelcells.com,2006-02-13,2025-09-17,1,1,active,Basic
ezst.net,2001-11-25,2025-12-25,1,1,active,Basic
fashionquest.com,2009-11-13,2025-12-13,1,1,active,Basic
fiber-optics.net,2001-09-04,2026-03-28,1,1,active,Basic
fibernetworks.com,2001-09-04,2026-02-08,1,1,active,Basic
fiberopticnetwork.net,2001-11-25,2026-01-21,1,1,active,Basic
fiberopticnetworks.com,2001-09-04,2026-02-09,1,1,active,Basic
fibersolutions.net,2001-09-04,2026-04-07,1,1,active,Basic
fibersystems.net,2001-09-04,2026-02-28,1,1,active,Basic
fibre-optic.net,2001-11-25,2025-12-11,1,1,active,Basic
fibre-optics.net,2001-11-25,2025-12-11,1,1,active,Basic
flatpanels.us,2002-05-20,2026-05-19,1,0,active,Basic
flatscreen.net,2001-08-14,2025-09-19,1,1,active,Basic
fleetquest.com,2007-01-15,2025-06-14,1,1,active,Basic
frasier.net,2001-11-25,2026-01-07,1,1,active,Basic
freakoff.net,2024-09-17,2025-09-17,1,1,active,Basic
fuelcell.net,2001-09-04,2026-02-28,1,1,active,Basic
fuelcellflashlight.com,2007-01-15,2026-04-10,1,1,active,Basic
fuelcellgenerator.net,2019-09-20,2025-09-20,1,1,active,Basic
fuelcellgenerator.org,2009-11-14,2025-11-07,1,1,active,Basic
fuelcellgenerators.net,2019-09-20,2025-09-20,1,1,active,Basic
fuelcellgenerators.org,2009-11-14,2025-11-07,1,1,active,Basic
fuelcellindustries.com,2011-01-05,2026-01-06,1,1,active,Basic
fuelcellmarket.com,2006-02-13,2025-11-25,1,1,active,Basic
fuelcellphone.com,2016-07-02,2026-01-19,1,1,active,Basic
fuelcells.net,2001-09-04,2026-02-28,1,1,active,Basic
fuelcelltech.com,2018-05-03,2026-03-10,1,1,active,Basic
fuelcellvehicle.org,2011-01-17,2025-08-22,1,1,active,Basic
furbies.net,2001-11-25,2026-01-10,1,1,active,Basic
gamerbot.com,2011-01-05,2026-02-18,1,1,active,Basic
gammaknife.net,2001-09-04,2025-07-16,1,1,active,Basic
genetic-engineering.org,2001-09-04,2026-03-04,1,1,active,Basic
geneticengineering.com,2001-09-04,2026-03-15,1,1,active,Basic
genomic.net,2001-09-04,2025-07-16,1,1,active,Basic
genomictech.com,2001-09-04,2026-04-08,1,1,active,Basic
genomictech.net,2001-09-04,2026-04-08,1,1,active,Basic
geotherms.com,2011-01-05,2026-03-11,1,1,active,Basic
globalimaging.net,2001-11-25,2026-01-10,1,1,active,Basic
goldingfamily.org,2006-02-15,2026-02-15,1,1,active,Basic
goldings.net,2022-10-28,2025-10-28,1,0,active,Basic
greenfive.com,2011-01-05,2025-06-26,1,1,active,Basic
greenlogic.org,2011-01-05,2026-02-03,1,1,active,Basic
greenspam.com,2011-01-05,2026-04-15,1,1,active,Basic
h-power.com,2003-05-06,2026-05-06,1,1,active,Basic
hdisc.com,2001-09-04,2026-04-22,1,1,active,Basic
high-quality.com,2001-09-04,2026-04-08,1,1,active,Basic
hiptronic.com,2005-10-20,2026-04-29,1,1,active,Basic
hires.net,2001-08-14,2025-10-08,1,1,active,Basic
holodisc.net,2002-03-10,2026-04-19,1,1,active,Basic
holodisc.org,2001-09-04,2026-04-19,1,1,active,Basic
holodiscs.com,2001-09-04,2026-04-19,1,1,active,Basic
holodiscs.net,2001-09-04,2026-04-19,1,1,active,Basic
holographicdisc.com,2001-09-04,2026-04-19,1,1,active,Basic
holographicdisc.net,2001-09-04,2026-04-19,1,1,active,Basic
holographicdiscs.com,2001-09-04,2026-04-19,1,1,active,Basic
holoimagery.com,2011-01-05,2026-02-10,1,1,active,Basic
holomapping.com,2011-01-18,2026-02-10,1,1,active,Basic
holotronics.com,2001-09-04,2026-04-19,1,1,active,Basic
homebroadband.net,2001-08-14,2025-11-28,1,1,active,Basic
homedigital.net,2001-11-25,2026-01-26,1,1,active,Basic
houseweb.net,2001-08-14,2025-09-19,1,1,active,Basic
hrom.com,2002-03-10,2026-04-19,1,1,active,Basic
humangenome.net,2001-11-25,2025-12-25,1,1,active,Basic
humangenomeproject.net,2001-11-25,2025-12-25,1,1,active,Basic
hydrodyne.net,2004-02-15,2026-02-15,1,1,active,Basic
hydrogenage.org,2009-11-14,2025-10-26,1,1,active,Basic
hydrogencycle.com,2009-11-14,2025-10-06,1,1,active,Basic
hydrogendesign.com,2011-01-17,2025-10-14,1,1,active,Basic
hydrogenelectrics.com,2009-11-13,2026-01-11,1,1,active,Basic
hydrogenelectrics.net,2009-11-13,2026-01-11,1,1,active,Basic
hydrogenerator.net,2023-07-30,2025-10-31,1,1,active,Basic
hydrogenfuelcell.org,2016-07-02,2025-11-03,1,1,active,Basic
hydrogenfuelcells.org,2016-07-02,2025-10-21,1,1,active,Basic
hydrogenjobs.com,2011-01-19,2026-05-04,1,1,active,Basic
hydrogenlogic.com,2011-01-05,2026-02-10,1,1,active,Basic
hydrogenmarket.com,2011-01-05,2026-04-19,1,1,active,Basic
hydrogenow.com,2016-07-02,2025-10-04,1,1,active,Basic
hydrogenquest.com,2009-01-04,2026-04-04,1,1,active,Basic
hydrogentechnology.info,2011-01-18,2026-01-08,1,1,active,Basic
hydrogentechnology.net,2011-01-05,2026-05-24,1,1,active,Basic
hyperbuys.com,2006-02-13,2025-09-01,1,1,active,Basic
hyperconnected.com,2006-02-13,2025-08-30,1,1,active,Basic
hypererotic.com,2007-03-24,2025-12-23,1,1,active,Basic
hyperlinkdesign.com,2006-02-13,2025-08-21,1,1,active,Basic
hypersonic.com,2001-11-25,2026-01-09,1,1,active,Basic
i-pad.com,2001-08-14,2025-11-18,1,1,active,Basic
ibots.net,2001-11-25,2026-01-02,1,1,active,Basic
informationsystem.net,2001-08-14,2025-09-26,1,1,active,Basic
informationtech.net,2001-11-25,2026-01-11,1,1,active,Basic
informationtech.org,2001-08-13,2025-09-21,1,1,active,Basic
infotechnology.net,2001-08-14,2025-10-02,1,1,active,Basic
infotecture.net,2002-06-23,2025-06-03,1,1,active,Basic
insearchof.net,2001-09-04,2026-02-28,1,1,active,Basic
interbotics.com,2001-08-14,2025-08-27,1,1,active,Basic
internet-tech.net,2001-09-04,2026-04-17,1,1,active,Basic
internetarchitecture.net,2001-09-04,2026-04-08,1,1,active,Basic
internetdeals.net,2001-09-04,2026-04-04,1,1,active,Basic
internetech.com,2001-09-06,2025-08-08,1,1,active,Basic
internetphones.net,2001-09-04,2026-05-25,1,1,active,Basic
internetporn.net,2001-09-04,2026-02-28,1,1,active,Basic
internetpublishing.net,2001-09-04,2026-04-20,1,1,active,Basic
internetretail.net,2001-11-25,2025-12-12,1,1,active,Basic
internetspace.net,2001-11-25,2025-12-24,1,1,active,Basic
internettec.com,2001-08-14,2025-10-16,1,1,active,Basic
internettech.com,2001-09-04,2025-07-11,1,1,active,Basic
internettechnology.net,2001-09-04,2026-03-22,1,1,active,Basic
internettelephones.com,2001-11-25,2025-12-05,1,1,active,Basic
internettelephones.net,2001-09-04,2026-03-11,1,1,active,Basic
internettelephony.net,2001-09-04,2026-03-27,1,1,active,Basic
internettelephony.org,2001-09-04,2026-05-19,1,1,active,Basic
intramatic.com,2006-02-13,2025-09-17,1,1,active,Basic
iptelephone.com,2001-09-04,2026-04-17,1,1,active,Basic
iptelephone.org,2001-08-14,2025-11-09,1,1,active,Basic
iptelephones.com,2001-11-25,2025-11-30,1,1,active,Basic
iptelephones.net,2001-09-04,2025-07-16,1,1,active,Basic
itnn.com,2005-10-20,2026-04-10,1,1,active,Basic
kathy.info,2004-05-08,2026-01-09,1,1,active,Basic
keynotespeakers.net,2001-09-04,2026-02-28,1,1,active,Basic
kilograms.net,2023-07-30,2026-01-17,1,1,active,Basic
knowledgequest.net,2001-09-04,2026-02-28,1,1,active,Basic
larisas.com,2011-01-20,2026-04-22,1,1,active,Basic
laundryroom.org,2023-07-30,2026-01-14,1,1,active,Basic
laytongolding.com,2017-01-03,2026-01-03,1,1,active,Basic
laytons.info,2006-02-15,2026-02-15,1,1,active,Basic
laytons.org,2008-12-26,2025-12-26,1,1,active,Basic
lendingquest.com,2009-01-04,2025-12-29,1,1,active,Basic
lendquest.com,2018-05-03,2026-02-12,1,1,active,Basic
lesbifriends.com,2011-01-05,2026-02-12,1,1,active,Basic
lgolding.com,2006-02-15,2026-02-15,1,1,active,Basic
liquidhydrogen.net,2018-05-03,2025-06-30,1,1,active,Basic
lotto-tickets.com,2003-02-04,2026-03-23,1,1,active,Basic
lottoforlife.com,2006-02-13,2025-07-26,1,1,active,Basic
luigimangione.net,2024-12-09,2025-12-09,1,1,active,Host-100MB
maidworks.com,2006-02-13,2025-10-20,1,1,active,Basic
makelovetome.net,2001-09-04,2026-02-04,1,1,active,Basic
manhug.com,2011-01-18,2026-01-24,1,1,active,Basic
maptronic.com,2009-11-13,2026-01-21,1,1,active,Basic
massier.com,2009-11-14,2025-06-04,1,1,active,Basic
medgetables.com,2001-11-25,2025-12-13,1,1,active,Basic
medicur.com,2007-01-15,2026-01-21,1,1,active,Basic
microbotics.net,2001-09-04,2025-07-16,1,1,active,Basic
microchips.net,2001-11-25,2025-11-30,1,1,active,Basic
microdisplays.net,2002-04-26,2026-04-26,1,1,active,Basic
microfuelcell.net,2001-08-13,2025-11-06,1,1,active,Basic
microfuelcells.net,2002-04-26,2026-04-26,1,1,active,Basic
micromechanics.net,2001-09-04,2026-05-25,1,1,active,Basic
millenniumbug.net,2001-09-04,2026-04-03,1,1,active,Basic
millimetre.net,2023-08-29,2026-02-07,1,1,active,Basic
minibots.net,2025-01-03,2026-01-03,1,1,active,Basic
minifuelcell.net,2001-08-13,2025-11-06,1,1,active,Basic
mobilearch.com,2007-01-15,2025-11-04,1,1,active,Basic
mobilequest.net,2009-11-14,2025-06-01,1,1,active,Basic
mobiletechnologies.net,2001-11-25,2025-12-13,1,1,active,Basic
mobiletechnologies.org,2008-10-26,2025-10-26,1,1,active,Basic
molectricity.com,2001-09-04,2026-03-04,1,1,active,Basic
molectricity.net,2001-09-04,2026-03-04,1,1,active,Basic
molectronic.com,2001-09-04,2025-07-16,1,1,active,Basic
molectronic.net,2001-09-04,2025-07-16,1,1,active,Basic
molectronic.org,2002-01-17,2026-02-04,1,1,active,Basic
molectronics.net,2001-09-04,2026-02-04,1,1,active,Basic
molectronics.org,2001-09-04,2025-07-16,1,1,active,Basic
molecular-computing.com,2001-09-04,2026-04-22,1,1,active,Basic
molecular-computing.net,2001-09-04,2026-04-22,1,1,active,Basic
molecularcomputer.net,2002-03-10,2026-03-10,1,1,active,Basic
molecularcomputers.net,2002-03-10,2026-03-10,1,1,active,Basic
molecularcomputers.org,2001-09-04,2025-07-16,1,1,active,Basic
molecularcomputing.net,2001-09-04,2025-07-16,1,1,active,Basic
moltronics.com,2002-04-16,2026-04-16,1,1,active,Basic
moltronics.net,2002-01-31,2026-02-16,1,1,active,Basic
mp3x.net,2001-09-04,2026-04-17,1,1,active,Basic
multimediatech.com,2001-11-25,2025-12-14,1,1,active,Basic
multimediatechnology.com,2001-11-25,2025-12-14,1,1,active,Basic
myopics.com,2006-02-13,2025-09-20,1,1,active,Basic
nancy.biz,2004-05-08,2026-01-10,1,1,active,Basic
nanoarch.com,2009-11-14,2025-06-28,1,1,active,Basic
nanobike.com,2007-01-22,2025-11-30,1,1,active,Basic
nanobiomics.com,2009-01-04,2025-06-25,1,1,active,Basic
nanobiotic.net,2007-01-15,2025-07-30,1,1,active,Basic
nanobotic.net,2001-09-04,2026-02-28,1,1,active,Basic
nanobotics.com,2001-09-04,2026-03-10,1,1,active,Basic
nanobotics.net,2001-09-04,2026-04-17,1,1,active,Basic
nanobotics.org,2001-11-25,2025-12-02,1,1,active,Basic
nanobots.net,2001-09-04,2026-03-10,1,1,active,Basic
nanocaine.com,2024-08-03,2025-11-06,1,1,active,Basic
nanocet.com,2007-01-15,2026-04-22,1,1,active,Basic
nanochips.net,2002-04-26,2026-04-26,1,1,active,Basic
nanochips.us,2002-05-20,2026-05-19,1,0,active,Basic
nanoclean.com,2009-11-13,2026-03-11,1,1,active,Basic
nanoclick.com,2007-01-15,2026-01-09,1,1,active,Basic
nanocoater.com,2005-10-20,2025-06-25,1,1,active,Basic
nanocomputer.net,2001-11-25,2025-12-02,1,1,active,Basic
nanocomputers.net,2001-11-25,2025-12-02,1,1,active,Basic
nanocomputing.net,2001-08-14,2025-11-09,1,1,active,Basic
nanocomputing.org,2001-06-23,2025-06-23,1,1,active,Basic
nanocrafts.com,2011-01-05,2025-07-23,1,1,active,Basic
nanocrystals.net,2009-01-10,2026-02-28,1,1,active,Basic
nanocyte.com,2009-11-14,2026-04-26,1,1,active,Basic
nanodiodes.com,2007-01-15,2025-10-05,1,1,active,Basic
nanodots.net,2007-01-15,2025-06-02,1,1,active,Basic
nanodyne.com,2005-10-20,2026-04-30,1,1,active,Basic
nanoeast.com,2011-01-05,2025-07-17,1,1,active,Basic
nanoelectronics.org,2001-06-23,2025-06-23,1,1,active,Basic
nanofacture.com,2007-01-15,2026-05-10,1,1,active,Basic
nanofair.net,2006-02-13,2025-11-01,1,1,active,Basic
nanofarm.com,2007-01-15,2026-05-10,1,1,active,Basic
nanofoam.com,2007-01-15,2026-05-10,1,1,active,Basic
nanofuelcell.net,2002-04-26,2026-04-26,1,1,active,Basic
nanofuelcells.net,2002-04-26,2026-04-26,1,1,active,Basic
nanogoo.com,2006-02-13,2025-10-30,1,1,active,Basic
nanolastic.com,2009-11-14,2026-03-07,1,1,active,Basic
nanologies.com,2007-01-15,2025-09-18,1,1,active,Basic
nanology.net,2001-08-14,2025-11-11,1,1,active,Basic
nanomal.com,2009-11-13,2025-12-08,1,1,active,Basic
nanomate.com,2007-01-15,2026-05-10,1,1,active,Basic
nanomatics.com,2001-09-04,2026-04-28,1,1,active,Basic
nanomatics.net,2001-09-04,2026-02-13,1,1,active,Basic
nanomatics.us,2002-05-20,2026-05-19,1,0,active,Basic
nanomatter.com,2009-01-04,2025-07-09,1,1,active,Basic
nanomed.net,2001-11-25,2025-12-02,1,1,active,Basic
nanomedical.net,2002-04-26,2026-04-26,1,1,active,Basic
nanomotive.com,2009-01-04,2026-03-23,1,1,active,Basic
nanonetics.com,2007-01-15,2026-03-21,1,1,active,Basic
nanonium.com,2007-01-15,2026-03-06,1,1,active,Basic
nanooptic.com,2009-11-13,2026-02-23,1,1,active,Basic
nanooptic.net,2002-04-26,2026-04-26,1,1,active,Basic
nanooptics.net,2001-08-13,2025-11-06,1,1,active,Basic
nanooptics.us,2002-05-20,2026-05-19,1,0,active,Basic
nanophotonics.net,2001-08-14,2025-11-23,1,1,active,Basic
nanopipette.com,2005-10-20,2025-06-22,1,1,active,Basic
nanopipettes.com,2005-10-20,2025-06-22,1,1,active,Basic
nanopool.com,2007-01-15,2026-05-10,1,1,active,Basic
nanoptics.net,2001-06-18,2025-06-18,1,1,active,Basic
nanopurification.com,2011-08-24,2025-07-04,1,1,active,Basic
nanoquest.us,2002-05-20,2026-05-19,1,0,active,Basic
nanorganics.com,2006-02-13,2025-12-22,1,1,active,Basic
nanoscan.net,2007-01-15,2026-02-24,1,1,active,Basic
nanosignal.com,2009-01-04,2026-03-15,1,1,active,Basic
nanosprays.com,2016-07-02,2026-01-25,1,1,active,Basic
nanosurgery.org,2009-11-13,2025-06-30,1,1,active,Basic
nanosynthetics.com,2011-01-05,2025-12-06,1,1,active,Basic
nanotagging.com,2011-01-05,2025-11-08,1,1,active,Basic
nanotechdesigns.com,2007-01-15,2026-04-16,1,1,active,Basic
nanotechexchange.com,2007-01-15,2026-01-12,1,1,active,Basic
nanotechexchange.net,2007-01-15,2026-01-12,1,1,active,Basic
nanotechnologies.net,2001-09-04,2026-03-10,1,1,active,Basic
nanotectonica.com,2009-01-04,2026-04-05,1,1,active,Basic
nanotecture.com,2007-01-15,2025-11-09,1,1,active,Basic
nanoterials.com,2007-01-15,2026-01-31,1,1,active,Basic
nanotesla.com,2009-01-10,2026-02-14,1,1,active,Basic
nanotronics.net,2001-06-23,2025-06-23,1,1,active,Basic
nanoturbines.com,2007-01-15,2026-05-12,1,1,active,Basic
nanovacuum.com,2009-11-13,2026-02-24,1,1,active,Basic
nanowifi.com,2006-02-13,2025-12-23,1,1,active,Basic
nationalweb.net,2001-09-04,2026-03-01,1,1,active,Basic
navitronic.com,2006-02-13,2025-10-23,1,1,active,Basic
net101.net,2001-11-25,2026-01-29,1,1,active,Basic
netbots.net,2001-11-25,2026-01-02,1,1,active,Basic
netcafes.net,2001-11-25,2025-12-25,1,1,active,Basic
netfly.net,2001-08-13,2025-11-06,1,1,active,Basic
netgraphics.net,2001-11-25,2026-01-06,1,1,active,Basic
netphones.net,2001-11-25,2025-12-05,1,1,active,Basic
netphotos.org,2006-02-15,2026-02-15,1,1,active,Basic
netrades.com,2001-09-06,2025-08-08,1,1,active,Basic
netretail.net,1998-12-13,2025-12-12,1,1,active,Basic
netrookie.com,2005-10-20,2025-06-23,1,1,active,Basic
netsaver.net,2001-11-25,2026-01-12,1,1,active,Basic
netsolutions.net,2001-08-14,2025-09-28,1,1,active,Basic
netst.net,2001-08-14,2025-11-16,1,1,active,Basic
netvoodoo.com,2001-08-14,2025-10-16,1,1,active,Basic
networkage.net,2001-09-04,2026-05-19,1,1,active,Basic
networkcomputers.net,2001-08-14,2025-10-23,1,1,active,Basic
networkconcepts.com,2001-09-04,2026-02-10,1,1,active,Basic
networkconcepts.net,2001-09-04,2026-02-28,1,1,active,Basic
networkoptics.net,2001-08-13,2025-11-06,1,1,active,Basic
networktechnology.net,2001-09-04,2026-03-25,1,1,active,Basic
neurochip.net,2001-09-04,2026-03-28,1,1,active,Basic
neurochips.com,2001-09-04,2026-03-28,1,1,active,Basic
new-media.net,2001-11-25,2026-01-29,1,1,active,Basic
newurbanist.net,2019-07-19,2025-07-19,1,1,active,Basic
newurbanist.org,2011-01-05,2025-09-14,1,1,active,Basic
northlondon.org,2023-07-30,2025-09-21,1,1,active,Basic
notequest.com,2007-01-15,2025-06-30,1,1,active,Basic
nursehelper.com,2011-01-05,2025-12-25,1,1,active,Basic
nutrisolutions.com,2011-01-05,2026-04-17,1,1,active,Basic
nymphomaniacs.net,2001-11-25,2026-01-02,1,1,active,Basic
officeleague.com,2007-01-15,2026-01-16,1,1,active,Basic
officetablet.com,2023-07-30,2025-12-16,1,1,active,Basic
oldeboyrugby.com,2011-01-05,2025-05-17,1,1,active,Basic
oleds.us,2002-05-20,2026-05-19,1,0,active,Basic
omnichron.com,2009-01-04,2026-01-22,1,1,active,Basic
onlineadventures.com,2001-09-04,2026-02-24,1,1,active,Basic
onlinealbum.org,2006-02-15,2026-02-15,1,1,active,Basic
onlineconnections.com,2001-09-04,2026-02-24,1,1,active,Basic
onlinetraveler.com,2001-09-04,2026-04-17,1,1,active,Basic
onlybyrequest.com,2016-11-22,2025-12-04,1,1,active,Basic
optic.net,2001-09-04,2026-04-17,1,1,active,Basic
opticquest.com,2011-01-05,2026-01-21,1,1,active,Basic
optochip.net,2001-09-04,2026-04-07,1,1,active,Basic
optochips.net,2001-09-04,2026-04-07,1,1,active,Basic
optoquest.com,2006-08-21,2026-02-02,1,1,active,Basic
overweb.net,2001-09-04,2026-03-25,1,1,active,Basic
owna.com,2001-11-25,2025-12-12,1,1,active,Basic
palmphone.net,2002-06-23,2025-06-03,1,1,active,Basic
pctel.net,2001-09-04,2026-03-11,1,1,active,Basic
pediatrician.net,2001-09-04,2026-03-04,1,1,active,Basic
pena.info,2004-02-22,2025-12-09,1,1,active,Basic
pharming.net,2001-08-14,2025-11-12,1,1,active,Basic
phone-cam.net,2001-09-04,2026-02-17,1,1,active,Basic
phonecam.net,2001-09-04,2026-05-10,1,1,active,Basic
phonecam.org,2001-09-04,2026-05-10,1,1,active,Basic
planetblogger.com,2006-02-13,2025-10-06,1,1,active,Basic
plasmagraph.com,2005-10-20,2025-07-30,1,1,active,Basic
plasmasonic.com,2005-10-20,2026-04-26,1,1,active,Basic
plasmatelevision.net,2001-09-04,2026-05-11,1,1,active,Basic
plasmatronic.com,2011-01-05,2026-05-06,1,1,active,Basic
plasmatvs.net,2001-09-04,2026-05-11,1,1,active,Basic
pointtopoint.net,2001-11-25,2026-01-27,1,1,active,Basic
pornamatic.com,2002-07-23,2025-08-30,1,1,active,Basic
pornmaster.com,2001-11-25,2026-01-18,1,1,active,Basic
pornographics.net,2001-11-25,2026-01-03,1,1,active,Basic
pornographics.org,2002-06-23,2025-06-08,1,1,active,Basic
pornquest.net,2001-11-25,2025-12-12,1,1,active,Basic
pornutopia.net,2005-05-09,2026-03-29,1,1,active,Basic
powerdome.com,2011-01-05,2026-01-24,1,1,active,Basic
poweredbydesign.com,2007-01-15,2025-08-02,1,1,active,Basic
powernavigator.com,2011-01-05,2026-01-29,1,1,active,Basic
primaquest.com,2006-02-13,2025-07-10,1,1,active,Basic
primerib.info,2005-01-09,2026-03-22,1,1,active,Basic
printzstock.com,2019-06-18,2025-06-18,1,1,active,Basic
proud-boy.com,2022-12-01,2025-12-01,1,1,active,Basic
purchasequest.com,2001-06-23,2025-06-23,1,1,active,Basic
questcraft.com,2005-10-20,2025-08-01,1,1,active,Basic
quidproquo.net,2001-09-04,2026-04-07,1,1,active,Basic
r-x.net,2001-09-04,2026-03-04,1,1,active,Basic
readersquest.com,2007-01-15,2026-04-02,1,1,active,Basic
reston.net,2001-09-04,2026-04-22,1,1,active,Basic
retrofied.com,2005-10-20,2025-08-04,1,1,active,Basic
roostersrugby.com,2016-10-30,2025-10-30,1,1,active,Basic
rugbymates.com,2016-07-02,2025-10-20,1,1,active,Basic
rugbyshop.org,2011-01-17,2026-05-07,1,1,active,Basic
rugbysouth.com,2011-01-05,2025-06-13,1,1,active,Basic
rugbyvideo.net,2011-01-05,2026-05-25,1,1,active,Basic
rugbyvideos.net,2011-01-17,2025-06-20,1,1,active,Basic
rugbyvideos.org,2011-01-05,2026-05-24,1,1,active,Basic
satellitebroadcasting.com,2001-11-25,2025-12-05,1,1,active,Basic
satellitetelephone.net,2001-11-25,2026-01-19,1,1,active,Basic
satellitetelephones.com,2001-11-25,2026-01-02,1,1,active,Basic
satellitetelephones.net,2001-11-25,2026-01-09,1,1,active,Basic
satellitetelephony.com,2001-08-14,2025-11-18,1,1,active,Basic
satellitetelephony.net,2001-11-25,2026-01-12,1,1,active,Basic
sauroposeidon.com,2001-08-14,2025-11-03,1,1,active,Basic
scientifique.net,2004-02-15,2026-02-15,1,1,active,Basic
senescent.net,2021-04-08,2026-04-08,1,0,active,Basic
sexcity.net,2001-11-25,2025-12-12,1,1,active,Basic
sharktak.com,2023-07-30,2026-05-02,1,1,active,Basic
shipquest.com,2011-01-05,2026-02-09,1,1,active,Basic
shoppingagent.net,2001-09-04,2026-02-13,1,1,active,Basic
sincity.net,2001-11-25,2025-12-12,1,1,active,Basic
sinquest.com,2009-01-10,2026-02-25,1,1,active,Basic
sintronic.com,2005-10-20,2026-05-08,1,1,active,Basic
slimtronic.com,2009-11-14,2025-06-30,1,1,active,Basic
smallquest.com,2011-01-06,2025-12-04,1,1,active,Basic
smart-phone.org,2001-09-04,2026-02-13,1,1,active,Basic
smartdust.net,2001-08-14,2025-11-09,1,1,active,Basic
smartink.net,2002-01-31,2026-02-16,1,1,active,Basic
smartnano.net,2006-02-13,2025-12-26,1,1,active,Basic
smartphone.org,2001-09-04,2026-05-11,1,1,active,Basic
smartphones.org,2002-03-10,2026-04-19,1,1,active,Basic
smartphoto.net,2001-09-04,2026-02-28,1,1,active,Basic
smartronics.net,2002-06-23,2025-06-03,1,1,active,Basic
smarttelephone.com,2001-09-04,2026-03-01,1,1,active,Basic
smarttelephone.net,2001-09-04,2026-03-25,1,1,active,Basic
smarttelephone.org,2001-09-04,2026-04-11,1,1,active,Basic
smarttelephones.net,2001-09-04,2026-04-22,1,1,active,Basic
smarttelephony.com,2001-08-14,2025-10-16,1,1,active,Basic
snowskis.net,2003-02-02,2025-10-11,1,1,active,Basic
solarizer.com,2011-01-17,2026-03-24,1,1,active,Basic
solarking.org,2009-11-13,2025-06-04,1,1,active,Basic
solarmesh.com,2009-11-13,2025-09-19,1,1,active,Basic
solarpaving.com,2011-01-05,2025-06-26,1,1,active,Basic
solarplanks.com,2011-01-18,2026-05-17,1,1,active,Basic
solarplug.com,2011-01-05,2025-12-07,1,1,active,Basic
speedporn.com,2001-09-04,2026-03-23,1,1,active,Basic
steplight.com,2005-10-24,2025-07-29,1,1,active,Basic
sunvane.com,2009-11-14,2026-01-26,1,1,active,Basic
superlongevity.com,2001-11-25,2025-12-13,1,1,active,Basic
surfbot.net,2001-11-25,2026-01-02,1,1,active,Basic
sushiquest.com,2009-11-13,2026-03-17,1,1,active,Basic
synamax.com,2011-01-17,2025-06-10,1,1,active,Basic
synchromatic.com,2006-02-13,2025-08-12,1,1,active,Basic
talkitecture.com,2002-07-31,2025-07-31,1,1,active,Basic
talkweb.net,2001-09-04,2026-03-11,1,1,active,Basic
teamnano.com,2007-01-15,2025-09-17,1,1,active,Basic
techheads.net,2001-09-04,2026-05-11,1,1,active,Basic
technofuel.com,2007-01-15,2025-12-03,1,1,active,Basic
theeuro.net,2001-09-04,2026-02-09,1,1,active,Basic
thegoldings.info,2006-02-15,2026-02-15,1,1,active,Basic
thenewurbanist.com,2011-01-31,2025-09-19,1,1,active,Basic
thenewurbanist.net,2011-01-05,2025-09-19,1,1,active,Basic
thenewurbanist.org,2011-01-05,2025-09-18,1,1,active,Basic
thermotronic.com,2005-10-20,2026-04-11,1,1,active,Basic
toygirls.com,2011-01-05,2025-12-28,1,1,active,Basic
tracy.biz,2004-05-08,2026-01-15,1,1,active,Basic
transformatics.com,2006-02-13,2025-07-20,1,1,active,Basic
transgenics.net,2001-11-25,2025-12-25,1,0,active,Basic
transweb.net,2001-09-04,2026-03-01,1,1,active,Basic
truckquest.com,2006-02-13,2025-07-09,1,1,active,Basic
trump-24.net,2022-12-01,2025-12-01,1,1,active,Basic
twentyfourseven.com,2001-09-04,2026-02-09,1,1,active,Basic
twentyfourseven.org,2001-08-13,2025-09-24,1,1,active,Basic
ultra-tech.net,2001-09-04,2026-04-17,1,1,active,Basic
unibot.com,2011-01-05,2026-01-12,1,1,active,Basic
urlsolutions.com,2001-09-04,2026-02-28,1,1,active,Basic
vacubot.com,2001-08-14,2025-10-08,1,1,active,Basic
videomap.net,2001-08-14,2025-11-28,1,1,active,Basic
virtualmarket.net,2001-09-04,2026-03-04,1,1,active,Basic
virtualmarketplace.net,2001-09-04,2026-03-04,1,1,active,Basic
walkzone.com,2011-01-17,2025-07-07,1,1,active,Basic
web-mall.com,2001-09-04,2026-02-10,1,1,active,Basic
web-mall.net,2002-03-10,2026-04-28,1,1,active,Basic
web-movie.com,2011-01-18,2026-01-31,1,1,active,Basic
web-movie.net,2001-08-13,2025-09-21,1,1,active,Basic
web-movies.net,2001-08-13,2025-09-21,1,1,active,Basic
webfares.com,2001-09-04,2026-02-10,1,1,active,Basic
webfares.net,2001-09-04,2026-04-17,1,1,active,Basic
webgraphic.net,2001-11-25,2026-01-06,1,1,active,Basic
webgraphics.net,2001-11-21,2026-01-06,1,1,active,Basic
webmovie.net,2001-11-25,2026-01-13,1,1,active,Basic
webphones.net,2001-11-25,2025-12-05,1,1,active,Basic
webready.net,2001-09-04,2026-02-13,1,1,active,Basic
webshow.net,2001-11-25,2026-01-14,1,1,active,Basic
webtechnology.org,2001-08-14,2025-08-27,1,1,active,Basic
webtectonics.com,2005-10-20,2025-07-27,1,1,active,Basic
webwed.com,2011-08-24,2025-07-01,1,1,active,Basic
webxing.com,2006-02-13,2025-09-22,1,1,active,Basic
wheelquest.com,2006-02-13,2025-07-31,1,1,active,Basic
whorequest.com,2011-01-05,2025-12-08,1,1,active,Basic
wifigov.com,2016-07-02,2025-11-10,1,1,active,Basic
wifiwhere.com,2006-02-13,2025-07-10,1,1,active,Basic
wirelessbank.net,2002-05-14,2026-05-11,1,1,active,Basic
wirelessbusiness.net,2001-09-04,2026-03-28,1,1,active,Basic
wirelesscam.net,2001-09-04,2026-02-13,1,1,active,Basic
wirelesscomputers.net,2001-09-04,2026-05-18,1,1,active,Basic
wirelessmagazine.net,2005-10-20,2026-04-08,1,1,active,Basic
wirelessreporting.com,2006-02-13,2025-09-06,1,1,active,Basic
wirelessretail.net,2001-06-23,2025-06-23,1,1,active,Basic
wirelesssex.net,2002-05-27,2026-05-16,1,1,active,Basic
wirelesssolutions.net,2001-11-25,2025-12-25,1,1,active,Basic
wirelesstechnologies.net,2001-11-25,2025-12-11,1,1,active,Basic
wirelesstelephones.net,2001-09-04,2026-02-28,1,1,active,Basic
wirelessvideo.org,2001-09-04,2026-04-11,1,1,active,Basic
wirelessware.net,2001-08-13,2025-11-06,1,1,active,Basic
wirelesswatch.net,2001-06-22,2025-06-22,1,1,active,Basic
wirelessweb.net,2001-08-14,2025-09-28,1,1,active,Basic
wirelesswork.net,2002-06-23,2025-06-08,1,1,active,Basic
wirelessworks.net,2001-06-22,2025-06-22,1,1,active,Basic
world-tec.com,2001-11-25,2025-12-05,1,1,active,Basic
worldarch.com,2006-02-13,2025-07-28,1,1,active,Basic
worldsolutions.net,2001-11-25,2026-01-13,1,1,active,Basic
wquest.com,2007-01-15,2025-07-23,1,1,active,Basic
writersquest.com,2007-01-15,2026-03-05,1,1,active,Basic
y2kbug.com,2001-09-04,2026-04-22,1,1,active,Basic
y2kbug.net,2001-09-04,2026-04-08,1,1,active,Basic
yesquest.com,2011-01-05,2026-01-24,1,1,active,Basic
zetasigma.com,2006-02-13,2025-12-03,1,1,active,Basic
